{"cameraMode":{"drawMode":0,"name":"Shaded","section":"Shading Mode"},"sceneLighting":true,"audioPlay":false,"sceneViewState":{"m_AlwaysRefresh":false,"showFog":true,"showSkybox":true,"showFlares":true,"showImageEffects":true,"showParticleSystems":true,"showVisualEffectGraphs":true,"m_FxEnabled":true},"in2DMode":false,"pivot":{"x":-1.3452720642089844,"y":-2.866567611694336,"z":0.38192129135131838},"rotation":{"x":-0.17299412190914155,"y":0.8246691823005676,"z":-0.34508293867111208,"w":-0.4134186804294586},"size":11.328800201416016,"orthographic":false}