{"cameraMode":{"drawMode":0,"name":"Shaded","section":"Shading Mode"},"sceneLighting":true,"audioPlay":false,"sceneViewState":{"m_AlwaysRefresh":false,"showFog":true,"showSkybox":true,"showFlares":true,"showImageEffects":true,"showParticleSystems":true,"showVisualEffectGraphs":true,"m_FxEnabled":true},"in2DMode":false,"pivot":{"x":-0.0047245025634765629,"y":-6.43019962310791,"z":0.9357976913452148},"rotation":{"x":-0.16702112555503846,"y":0.8322426676750183,"z":-0.35413482785224917,"w":-0.39251428842544558},"size":15.416933059692383,"orthographic":false}