{"cameraMode":{"drawMode":0,"name":"Shaded","section":"Shading Mode"},"sceneLighting":true,"audioPlay":false,"sceneViewState":{"m_AlwaysRefresh":false,"showFog":true,"showSkybox":true,"showFlares":true,"showImageEffects":true,"showParticleSystems":true,"showVisualEffectGraphs":true,"m_FxEnabled":true},"in2DMode":false,"pivot":{"x":-0.2339920997619629,"y":-1.5925278663635255,"z":-3.6831893920898439},"rotation":{"x":-0.033008281141519549,"y":0.8625510931015015,"z":-0.5016939043998718,"w":-0.056750524789094928},"size":4.659704685211182,"orthographic":false}