{"cameraMode":{"drawMode":0,"name":"Shaded","section":"Shading Mode"},"sceneLighting":false,"audioPlay":false,"sceneViewState":{"m_AlwaysRefresh":false,"showFog":true,"showSkybox":false,"showFlares":true,"showImageEffects":true,"showParticleSystems":true,"showVisualEffectGraphs":true,"m_FxEnabled":true},"in2DMode":false,"pivot":{"x":13.324496269226075,"y":3.6568384170532228,"z":-3.355489730834961},"rotation":{"x":0.20290669798851014,"y":-0.4002043604850769,"z":0.09134811908006668,"w":0.8889987468719482},"size":1.4142138957977296,"orthographic":true}